"TypeLigne","V1","V2","V3","V4","V5","V6","V7","V8","V9","V10","V11","V12"
"100","51","HAMILTON","Mary","235 Brooks Street","HOUSTON","TX","","4","(713)975 9801","Sud","USA",""
"100","52","KEEGAN","Fred","43 Beach Parkway","MALIBU","CA","","1","(808)203 2100","Ouest","USA",""
"100","53","WRIGHT","Mark","666 Sun Drive","HOLLYWOOD","CA","","1","(213)973 7305","Ouest","USA",""
"100","54","THOMAS","Steve","123 Lotus Road","HOLLYWOOD","CA","","1","(213)943 5303","Ouest","USA",""
"100","55","JONES","Claire","89 Beach Avenue","SANTA MONICA","CA","","1","(714)333 4307","Ouest","USA",""
"100","56","EDWARDS","Jane","2510 East Avenue","NEW YORK","NY","","3","(315)683 1300","Est","USA",""
"100","57","JAMES","Bob","234 Melrose Blvd","HOLLYWOOD","CA","","1","(213)923 6308","Ouest","USA",""
"100","58","WRIGHT","Sarah","645 Sunset Blvd","DALLAS","TX","","4","(214)883 3304","Sud","USA",""
"100","59","CLARK","Peter","1250 Brooklyn Avenue","NEW YORK","NY","","3","(315)893 7300","Est","USA",""
"100","60","PETERS","Lou","2812 W86 Street","NEW YORK","NY","","3","(315)263 8300","Est","USA",""
"100","61","LEWIS","Mike","3035 Center Green Drive","BOSTON","MA","","3","(617)123 8301","Est","USA",""
"100","62","MURPHY","Pat","552 Princess Street","HOLLYWOOD","CA","","1","(213)973 5300","Ouest","USA",""
"100","63","GRANT","Ted","440 Oakmead Parkway","HOUSTON","TX","","4","(713)033 5303","Sud","USA",""
"100","64","CARTER","Sue","65 Andover Street","BOSTON","MA","","3","(617)573 9302","Est","USA",""
"100","65","DANIELS","Janet","12 Palisades Drive","DETROIT","MI","","2","(313)053 1300","Nord","USA",""
"100","66","SMITH","John","7525 West End Avenue","NEW YORK","NY","","3","(315)933 1301","Est","USA",""
"100","67","HARRIS","Ed","45 High Street","DALLAS","TX","","4","(214)963 3300","Sud","USA",""
"100","68","ROBERTS","Debbie","112 Seaside Avenue","MALIBU","CA","","1","(808)573 9302","Ouest","USA",""
"100","69","THOMSON","Kim","224 Redondo Drive","DETROIT","MI","","2","(313)274 9300","Nord","USA",""
"100","70","ANDERSON","Dave","2442 Meadowdale Lane","BOSTON","MA","","3","(617)563 2104","Est","USA",""
"100","71","KING","Hilary","125 Broadway Avenue","DALLAS","TX","","4","(408)472 4536","Sud","USA",""
"100","72","BARRY","John","3800 North Queen View","DALLAS","TX","","4","(214)123 2300","Sud","USA",""
"100","73","BLOFELD","Richard","151 Mississippi Drive","DALLAS","TX","","4","(214)929 9200","Sud","USA",""
"100","74","CONNOR","Pamela","2356 Ocean Drive","MALIBU","CA","","1","(808)453 7300","Ouest","USA",""
"100","75","GILBERT","Tom","423 Kenyon Drive","BOSTON","MA","","3","(617)903 8750","Est","USA",""
"100","76","HOGGS","Brian","2 Hollywood Blvd","MALIBU","CA","","1","(808)256 5670","Ouest","USA",""
"100","77","WINSTON","Gary","15 Broad Street","BOSTON","MA","","3","(617)574 1740","Est","USA",""
"100","78","SAUBER","Paul","99 Walker Street","HOUSTON","TX","","4","(713)732 9430","Sud","USA",""
"100","79","PADING","Micheal","101 University Avenue","SANTA MONICA","CA","","1","(714)165 9208","Ouest","USA",""
"100","80","Suzuki","Taro","1 Chome-10-1 Kabukicho","Shinjuku","JP-13","","6","03-1234-5678","KantÅ","JAPAN",""
"100","81","Tanaka","Yoko","2 Chome-8-1 Nishishinjuku","Shinjuku","JP-13","","6","03-8765-4321","KantÅ","JAPAN",""
"100","82","Watanabe","Ken","1-1 Yoyogi, Shibuya City","Shibuya","JP-11","","6","03-0987-6543","KantÅ","JAPAN",""
"100","83","Kobayashi","Miho","4 Chome-2-8 Shibakoen","Minato City","JP-12","","6","03-2109-8765","KantÅ","JAPAN",""
"100","84","Yamamoto","Hiroshi","1-1-2 Oshiage, Sumida City","Sumida","JP-14","","6","03-3210-9876","KantÅ","JAPAN",""
"100","85","CARRE","Christine","5 rue Mouffetard","Lalonquette","","93","11","01 55 23 65 54","Occitanie","FRANCE",""
"100","86","AYMERAUD","Gisèle","8 boulevard des Capucines","Gerderest","","94","11","01 43 23 65 54","Occitanie","FRANCE",""
"100","87","MOREAU","Pierre","10 avenue Foch","Séby","","95","11","01 43 23 65 13","Occitanie","FRANCE",""
"100","88","LEGEAIS","Michel","10 rue du Couédic","Simacourbe","","18","24","02 45 65 43 12","Centre-Val de Loire","FRANCE",""
"100","89","BESSE","Séverine","6 rue Saint-Sulpice","Saint-Jean-Poudge","","28","24","01 43 23 76 54","Centre-Val de Loire","FRANCE",""
"100","90","MARTIN","Jean","3 Place Royale","Burosse-Mendousse","","36","24","02 40 89 76 56","Centre-Val de Loire","FRANCE",""
"100","91","Dupont","Augustin","7, boulevard Sébastien Vasseur","Poey-de-Lescar","","37","24","+33 4 79 25 33 11","Centre-Val de Loire","FRANCE",""
"100","92","Lagarde","Jeanne","75, rue Ramos","Sévignacq","","41","24","01 47 49 27 34","Centre-Val de Loire","FRANCE",""
"100","93","Vidal","Laetitia","86, avenue Adrien Bazin","Mouhous","","45","24","01 76 72 91 94","Centre-Val de Loire","FRANCE",""
"100","94","Mallet","Véronique","37, chemin de Richard","Anoye","","21","27","07 97 85 68 72","Normandie","FRANCE",""
"100","95","Lamy","Frédérique","35, chemin Colin","Lonçon","","25","27","+33 2 55 75 86 43","Normandie","FRANCE",""
"100","96","Muller","Roland","95, rue de Adam","Coublucq","","39","27","01 81 83 52 99","Normandie","FRANCE",""
"100","97","Becker","Paul","rue Hélène Valentin","Garlède-Mondebat","","58","27","474441998","Normandie","FRANCE",""
"100","98","Bigot","Frédérique","8, rue Valentine Lebon","Larreule","","70","27","+33 (0)4 80 49 96 38","Normandie","FRANCE",""
"100","99","Brunel","Raymond","48, rue de Foucher","Lalongue","","71","27","03 51 79 87 76","Normandie","FRANCE",""
"100","100","Maillet","Martin","4, avenue de Legros","Baleix","","89","27","432086911","Normandie","FRANCE",""
"100","101","Albert","Zoé","10, rue de Giraud","Escurès","","90","27","+33 6 24 55 35 55","Normandie","FRANCE",""
"100","102","Pierre","Valérie","avenue Alexandria Petit","Miossens-Lanusse","","14","28","+33 (0)4 38 78 58 02","Centre-Val de Loire","FRANCE",""
"100","103","Grenier","Luc","9, avenue de Benard","Lasclaveries","","27","28","+33 6 12 72 13 70","Centre-Val de Loire","FRANCE",""
"100","104","Bodin","Nicole","985, chemin Jean Guillaume","Viellenave-d'Arthez","","50","28","04 84 71 54 01","Centre-Val de Loire","FRANCE",""
"100","105","Collin","Nicolas","rue Lucie Guillaume","Mazerolles","","61","28","+33 1 60 57 18 24","Centre-Val de Loire","FRANCE",""
"100","106","Bourdon","Margaud","30, rue de Rossi","Escoubès","","76","28","04 90 28 34 69","Centre-Val de Loire","FRANCE",""
"100","107","Chauvet","Arthur","4, rue Simone Salmon","Samsons-Lion","","2","32","366571183","Occitanie","FRANCE",""
"100","108","Picard","Charlotte","69, rue Moulin","Bougarber","","59","32","01 58 80 91 18","Occitanie","FRANCE",""
"100","109","Gay","Victoire","74, rue Bernard Laroche","Uzan","","60","32","+33 (0)6 67 50 96 22","Occitanie","FRANCE",""
"100","110","Masse","Théophile","26, boulevard Alex Richard","Monassut-Audiracq","","62","32","04 76 50 64 58","Occitanie","FRANCE",""
"100","111","Barre","Émilie","4, rue Dominique Philippe","Pouliacq","","80","32","04 66 28 42 30","Occitanie","FRANCE",""
"100","112","Vincent","Alice","65, rue Denise Barre","Lescar","","8","44","218280982","Pays de la Loire","FRANCE",""
"100","113","Mathieu","Virginie","27, boulevard de Gaudin","Méracq","","10","44","02 19 17 39 96","Pays de la Loire","FRANCE",""
"100","114","Duhamel","Caroline","84, chemin de Bouchet","Carrère","","51","44","07 59 27 56 66","Pays de la Loire","FRANCE",""
"100","115","Blot","Philippine","8, boulevard de Lefèvre","Lespielle","","52","44","+33 1 53 43 73 95","Pays de la Loire","FRANCE",""
"100","116","Paris","Geneviève","47, rue Fernandez","Saint-Gondon","","54","44","+33 2 34 04 26 81","Pays de la Loire","FRANCE",""
"100","117","Lefort","Monique","5, rue Muller","Bonny-sur-Loire","","55","44","+33 (0)1 76 59 71 47","Pays de la Loire","FRANCE",""
"100","118","Giraud","Clémence","30, rue de Richard","Barlieu","","57","44","+33 5 24 93 01 84","Pays de la Loire","FRANCE",""
"100","119","Baudry","Anne","47, boulevard Victor Le Roux","Saint-Brisson-sur-Loire","","67","44","05 81 92 44 10","Pays de la Loire","FRANCE",""
"100","120","Rodrigues","Mathilde","8, boulevard Langlois","Ousson-sur-Loire","","68","44","01 75 42 88 18","Pays de la Loire","FRANCE",""
"100","121","Le Gall","Lorraine","129, rue de Perrin","Châtillon-sur-Loire","","88","44","04 58 43 83 99","Pays de la Loire","FRANCE",""
"100","122","Clerc","André","18, avenue Victor Delattre","Lion-en-Sullias","","44","52","385339600","Grand Est","FRANCE",""
"100","123","Boyer","Inès","rue Nathalie Roy","Belleville-sur-Loire","","49","52","361046201","Grand Est","FRANCE",""
"100","124","Legrand","Josette","chemin Arthur Blanc","Saint-Florent","","53","52","+33 5 17 43 65 12","Grand Est","FRANCE",""
"100","125","Pierre","Daniel","331, rue Duval","Santranges","","72","52","+33 (0)5 61 17 11 27","Grand Est","FRANCE",""
"100","126","Blanchard","Franck","rue Arnaude Carre","Nevoy","","85","52","02 14 34 78 86","Grand Est","FRANCE",""
"100","127","Launay","Hugues","avenue Laure Charpentier","Poilly-lez-Gien","","22","53","354146710","Pays de la Loire","FRANCE",""
"100","128","Meyer","Georges","990, chemin Lemonnier","Saint-Martin-sur-Ocre","","29","53","04 95 23 30 58","Pays de la Loire","FRANCE",""
"100","129","Klein","Christine","chemin de Boyer","Beaulieu-sur-Loire","","35","53","06 19 57 00 98","Pays de la Loire","FRANCE",""
"100","130","Ollivier","Madeleine","7, avenue Jourdan","Les Choux","","56","53","02 57 85 08 42","Pays de la Loire","FRANCE",""
"100","131","Legendre","Antoine","67, chemin Adrien Gaillard","Autry-le-Châtel","","16","75","536301266","ÃŽle-de-France","FRANCE",""
"100","132","Leconte","Thibaut","11, rue de Masse","Cernoy-en-Berry","","17","75","02 30 81 58 26","ÃŽle-de-France","FRANCE",""
"100","133","Gilles","Stéphanie","8, rue de Verdier","Sury-près-Léré","","19","75","+33 (0)3 88 55 86 20","ÃŽle-de-France","FRANCE",""
"100","134","Boulay","Théodore","337, avenue de Aubert","Saint-Firmin-sur-Loire","","23","75","+33 1 56 50 08 94","ÃŽle-de-France","FRANCE",""
"100","135","Royer","Odette","79, rue Anne Royer","Dammartin-en-Goële","","24","75","01 39 13 69 25","ÃŽle-de-France","FRANCE",""
"100","136","Boulanger","Stéphanie","84, chemin Céline Meyer","Longperrier","","33","75","+33 2 98 36 86 56","ÃŽle-de-France","FRANCE",""
"100","137","Menard","Margot","291, rue Fischer","Briord","","40","75","06 95 94 99 21","ÃŽle-de-France","FRANCE",""
"100","138","Thierry","Gabrielle","71, avenue Monique Legrand","Montalieu-Vercieu","","47","75","474770250","ÃŽle-de-France","FRANCE",""
"100","139","Hamel","Henriette","2, rue Brigitte Jourdan","Villebois","","64","75","329817686","ÃŽle-de-France","FRANCE",""
"100","140","Gallet","Sébastien","472, rue de Cohen","Montagnieu","","79","75","+33 (0)6 19 54 28 42","ÃŽle-de-France","FRANCE",""
"100","141","Fontaine","Alexandre","51, rue Frédérique Dos Santos","Porcieu-Amblagnieu","","86","75","+33 (0)4 99 97 00 78","ÃŽle-de-France","FRANCE",""
"100","142","Becker","Patricia","chemin Élisabeth Ribeiro","Arandon-Passins","","87","75","+33 (0)6 06 74 85 87","ÃŽle-de-France","FRANCE",""
"100","143","Goncalves","Paul","boulevard Durand","Creys-Mépieu","","9","76","+33 (0)4 65 02 42 99","Normandie","FRANCE",""
"100","144","Marie","Michelle","12, rue Jacquet","Charette","","11","76","01 79 31 23 15","Normandie","FRANCE",""
"100","145","Gonzalez","Diane","390, chemin de Roger","Sault-Brénaz","","12","76","+33 (0)4 88 47 02 82","Normandie","FRANCE",""
"100","146","Michel","Georges","boulevard de Marchand","Bouvesse-Quirieu","","30","76","449767862","Normandie","FRANCE",""
"100","147","Berthelot","Rémy","38, rue Alves","Aleyrac","","31","76","03 83 50 44 15","Normandie","FRANCE",""
"100","148","Thierry","Élisabeth","61, avenue Margaud Meyer","Grignan","","32","76","+33 2 76 39 67 52","Normandie","FRANCE",""
"100","149","Aubry","Anouk","45, rue Jeanne Reynaud","Allan","","34","76","+33 (0)3 55 73 57 41","Normandie","FRANCE",""
"100","150","Ribeiro","Julie","99, chemin Audrey Monnier","Grillon","","46","76","+33 6 19 12 25 01","Normandie","FRANCE",""
"101","1","Ouest","1","","","","","","","","",""
"101","2","Nord","1","","","","","","","","",""
"101","3","Est","1","","","","","","","","",""
"101","4","Sud","1","","","","","","","","",""
"101","5","Venetie","39","","","","","","","","",""
"101","6","Kantō","81","","","","","","","","",""
"101","7","Kent","44","","","","","","","","",""
"101","8","Ligurie","39","","","","","","","","",""
"101","9","Canton","852","","","","","","","","",""
"101","10","Castille","34","","","","","","","","",""
"101","11","Occitanie","33","","","","","","","","",""
"101","24","Centre-Val de Loire","33","","","","","","","","",""
"101","27","Normandie","33","","","","","","","","",""
"101","28","Centre-Val de Loire","33","","","","","","","","",""
"101","32","Occitanie","33","","","","","","","","",""
"101","44","Pays de la Loire","33","","","","","","","","",""
"101","52","Grand Est","33","","","","","","","","",""
"101","53","Pays de la Loire","33","","","","","","","","",""
"101","75","Île-de-France","33","","","","","","","","",""
"101","76","Normandie","33","","","","","","","","",""
"102","1","USA","","","","","","","","","",""
"102","7","USSR","","","","","","","","","",""
"102","32","BELGIUM","","","","","","","","","",""
"102","33","FRANCE","","","","","","","","","",""
"102","34","SPAIN","","","","","","","","","",""
"102","37","GERMANY","","","","","","","","","",""
"102","39","ITALY","","","","","","","","","",""
"102","41","SWITZERLAND","","","","","","","","","",""
"102","44","UNITED KINGDOM","","","","","","","","","",""
"102","55","BRAZIL","","","","","","","","","",""
"102","61","AUSTRALIA","","","","","","","","","",""
"102","65","SINGAPORE","","","","","","","","","",""
"102","81","JAPAN","","","","","","","","","",""
"102","267","BOTSWANA","","","","","","","","","",""
"102","353","IRELAND","","","","","","","","","",""
"102","852","HONG KONG","","","","","","","","","",""
"102","964","IRAQ","","","","","","","","","",""
"200","1","Roll","Frank","2003","05","1-5","1/10/2013","Roll Frank","Représentant","501","04","61000.00"
"200","2","Presley","Erik","1993","01","2-1","14/9/2003","Presley Erik","Président","101","-","180000.00"
"200","3","Carsson","Rob","1994","01","3-1","1/10/2004","Carsson Rob","Représentant","102","04","63000.00"
"200","4","Callins","Joan","1994","03","4-3","3/9/2004","Callins Joan","Directeur des Ventes","301","02","120000.00"
"200","5","Hendrix","Ingrid","1995","03","5-3","17/10/2005","Hendrix Ingrid","Représentant","302","04","61300.00"
"200","6","Skoglund","Lennart","2004","04","6-4","17/1/2014","Skoglund Lennart","Représentant","401","04","61200.00"
"200","7","Lindwall","Tom","1995","02","7-2","22/11/2005","Lindwall Tom","Représentant","201","04","61000.00"
"200","8","Shine","Leif","2004","02","8-2","3/5/2004","Shine Leif","Coordinateur des ventes","202","02","65000.00"
"200","9","Brolin","Helen","1995","01","9-1","15/2/2005","Brolin Helen","Représentant","103","04","60000.00"
"200","10","Lawson","David","1993","02","19-2","10/10/2003","Lawson David","Directeur de Production","222","08","55500.00"
"200","11","Cleaves","John","2004","03","20-3","10/3/2004","Cleaves John","Directeur de Production","333","08","55000.00"
"200","12","Takako","Miro","1995","04","21-4","22/2/2005","Takako Miro","Directeur de Production","444","08","55000.00"
"200","13","Protzmann","Binh","1994","05","22-5","3/6/2004","Protzmann Binh","Directeur de Production","555","08","56000.00"
"200","14","Sandu","Cezar","2002","02","23-2","22/2/2012","Sandu Cezar","Directeur des Systemes","200","19","51000.00"
"200","15","Crawford","Judy","1995","02","24-2","6/8/2005","Crawford Judy","Directeur des Systemes","200","19","50400.00"
"200","16","Bosch","James","2003","02","25-2","7/6/2013","Bosch James","Directeur des Systemes","200","19","50000.00"
"200","17","Devlin","John","2001","02","26-2","8/1/2011","Devlin John","Directeur des Systemes","200","19","51600.00"
"200","18","Kregler","Mario","2004","05","27-5","6/5/2014","Kregler Mario","Directeur des Systemes","500","22","51300.00"
"200","19","Dupont","Paul","2000","05","28-5","2/6/2010","Dupont Paul","Directeur des Systemes","500","22","51200.00"
"200","20","Stevenson","Sven","2001","05","29-5","29/1/2011","Stevenson Sven","Magasinier","500","22","51000.00"
"200","21","Baumel","Ira","1997","05","30-5","31/12/2007","Baumel Ira","Magasinier","500","22","50200.00"
"200","22","Helmkey","Keith","2002","05","31-5","31/3/2012","Helmkey Keith","Magasinier","500","22","50200.00"
"200","23","Wesenlund","Rolf","1998","03","32-3","29/7/2008","Wesenlund Rolf","Magasinier","300","20","50300.00"
"200","24","Lindquist","Ann","2004","03","33-3","11/1/2014","Lindquist Ann","Magasinier","300","20","50100.00"
"200","25","Yang","Bill","2003","03","34-3","1/11/2013","Yang Bill","Magasinier","300","20","50500.00"
"200","26","Jönsson","Charles Ingvar","1996","03","35-3","31/12/2006","Jönsson Charles Ingvar","Magasinier","300","20","50000.00"
"200","27","Clouseau","Jacques","2001","03","36-3","8/2/2011","Clouseau Jacques","Magasinier","300","20","51000.00"
"200","28","Tessel","Jerry","2003","04","37-4","8/2/2013","Tessel Jerry","Directeur de la communication","400","21","72000.00"
"200","29","Applegate","John","2001","04","38-4","9/2/2011","Applegate John","Directeur de la communication","400","21","68000.00"
"200","30","Salvatori","Marcus","2000","04","39-4","1/7/2010","Salvatori Marcus","Magasinier","400","21","51000.00"
"200","31","Simenon","Olivier","1996","04","40-4","31/12/1996","Simenon Olivier","Magasinier","400","21","55000.00"
"200","32","Gupta","Sunil","1997","04","41-4","1/4/2007","Gupta Sunil","Magasinier","400","21","50000.00"
"200","33","Ärlig","Östen","2003","01","42-1","24/12/2013","Ärlig Östen","Directeur Financier","104","03","51000.00"
"200","34","Park","Bob","2001","02","43-2","10/9/2011","Park Bob","Directeur Financier","203","07","50000.00"
"200","35","Kent","Andrew","2004","02","44-2","31/1/2014","Kent Andrew","Directeur Financier","204","07","55000.00"
"200","36","Cheng","Joe","1999","03","45-3","8/2/2009","Cheng Joe","Directeur Financier","303","05","52000.00"
"200","37","Alpan","Kaya","1998","03","46-3","21/1/2008","Alpan Kaya","Directeur Financier","304","05","51000.00"
"200","38","Tyson","Michelle","1997","04","47-4","2/1/2007","Tyson Michelle","Directeur Financier","402","06","50000.00"
"200","39","Gucci","Ricardo","2002","04","48-4","1/1/2012","Gucci Ricardo","Directeur Financier","403","06","47600.00"
"200","40","Lanza","Luke","2003","03","51-3","1/3/2013","Lanza Luke","Operateur","-","04","35700.00"
"200","41","Ashkenaz","Mike","2000","01","52-1","30/11/2010","Ashkenaz Mike","Directeur Financier","-","42","49500.00"
"200","42","Ranieri","Richard","1999","02","53-2","1/7/2009","Ranieri Richard","Directeur Financier","-","23","49500.00"
"200","43","Richards","Sabrina","2003","03","54-3","4/3/2013","Richards Sabrina","Directeur Financier","-","32","49500.00"
"200","44","Daw","Sehoon","2002","04","55-4","30/11/2012","Daw Sehoon","Directeur Financier","-","37","49500.00"
"200","45","Lind","Stefan","1999","05","161-5","28/12/2009","Lind Stefan","Directeur Financier","-","27","49500.00"
"300","1000","51","13","11/08/2020","","","","","","","",""
"300","1001","52","2","19/04/2021","","","","","","","",""
"300","1002","53","1","23/02/2022","","","","","","","",""
"300","1003","54","20","02/05/2021","","","","","","","",""
"300","1004","52","42","05/08/2022","","","","","","","",""
"300","1005","56","31","02/08/2021","","","","","","","",""
"300","1006","57","10","04/03/2021","","","","","","","",""
"300","1007","58","6","20/06/2020","","","","","","","",""
"300","1008","59","9","21/06/2021","","","","","","","",""
"300","1009","60","30","06/11/2020","","","","","","","",""
"300","1010","61","7","02/06/2021","","","","","","","",""
"300","1011","62","14","15/08/2020","","","","","","","",""
"300","1012","62","30","29/12/2021","","","","","","","",""
"300","1013","64","27","19/08/2020","","","","","","","",""
"300","1014","65","29","29/07/2020","","","","","","","",""
"300","1015","66","5","09/07/2021","","","","","","","",""
"300","1016","67","29","01/09/2021","","","","","","","",""
"300","1017","68","9","23/01/2021","","","","","","","",""
"300","1018","69","34","01/05/2020","","","","","","","",""
"300","1019","70","41","22/02/2022","","","","","","","",""
"300","1020","71","32","17/05/2022","","","","","","","",""
"300","1021","72","16","31/01/2021","","","","","","","",""
"300","1022","73","12","06/10/2022","","","","","","","",""
"300","1023","74","11","14/08/2021","","","","","","","",""
"300","1024","75","22","02/04/2022","","","","","","","",""
"300","1025","76","43","22/12/2020","","","","","","","",""
"300","1026","77","8","14/11/2020","","","","","","","",""
"300","1027","78","25","15/08/2021","","","","","","","",""
"300","1028","79","6","17/07/2020","","","","","","","",""
"300","1029","80","13","01/01/2023","","","","","","","",""
"300","1030","81","15","01/01/2023","","","","","","","",""
"300","1031","82","37","15/06/2022","","","","","","","",""
"300","1032","83","29","14/10/2022","","","","","","","",""
"300","1100","51","30","07/12/2021","","","","","","","",""
"300","1101","52","38","03/06/2022","","","","","","","",""
"300","1102","53","17","20/09/2021","","","","","","","",""
"300","1103","54","7","04/02/2020","","","","","","","",""
"300","1104","55","19","17/08/2021","","","","","","","",""
"300","1105","56","5","11/08/2022","","","","","","","",""
"300","1106","57","7","22/03/2020","","","","","","","",""
"300","1107","58","45","21/02/2022","","","","","","","",""
"300","1108","59","19","24/10/2020","","","","","","","",""
"300","1109","60","34","16/10/2022","","","","","","","",""
"300","1110","61","27","06/04/2020","","","","","","","",""
"300","1111","62","16","19/12/2020","","","","","","","",""
"300","1112","63","35","09/08/2021","","","","","","","",""
"300","1113","64","2","19/08/2022","","","","","","","",""
"300","1114","65","31","15/08/2022","","","","","","","",""
"300","1115","66","14","19/03/2020","","","","","","","",""
"300","1116","67","7","22/12/2022","","","","","","","",""
"300","1117","68","28","24/12/2020","","","","","","","",""
"300","1118","68","23","10/04/2021","","","","","","","",""
"300","1119","70","24","11/02/2021","","","","","","","",""
"300","1120","71","44","29/08/2021","","","","","","","",""
"300","1121","72","39","29/11/2020","","","","","","","",""
"300","1122","73","6","28/07/2020","","","","","","","",""
"300","1123","74","31","07/08/2020","","","","","","","",""
"300","1124","75","5","09/11/2021","","","","","","","",""
"300","1125","76","1","11/08/2021","","","","","","","",""
"300","1126","77","23","21/03/2021","","","","","","","",""
"300","1127","78","28","13/11/2021","","","","","","","",""
"300","1128","79","40","30/05/2021","","","","","","","",""
"300","1129","80","3","20/06/2022","","","","","","","",""
"300","1130","81","12","16/11/2022","","","","","","","",""
"300","1131","82","36","11/04/2022","","","","","","","",""
"300","1132","83","12","20/11/2022","","","","","","","",""
"300","1200","51","10","08/03/2021","","","","","","","",""
"300","1201","52","13","16/10/2021","","","","","","","",""
"300","1202","53","21","11/08/2020","","","","","","","",""
"300","1203","54","24","25/07/2022","","","","","","","",""
"300","1204","55","29","10/07/2021","","","","","","","",""
"300","1205","56","21","13/08/2022","","","","","","","",""
"300","1206","57","35","18/08/2021","","","","","","","",""
"300","1207","58","6","28/07/2021","","","","","","","",""
"300","1208","59","22","01/04/2020","","","","","","","",""
"300","1209","60","43","01/06/2020","","","","","","","",""
"300","1210","61","42","03/12/2021","","","","","","","",""
"300","1211","62","22","28/11/2021","","","","","","","",""
"300","1212","63","20","25/12/2020","","","","","","","",""
"300","1213","64","20","25/05/2022","","","","","","","",""
"300","1214","65","38","18/03/2020","","","","","","","",""
"300","1215","66","15","16/09/2021","","","","","","","",""
"300","1216","67","3","22/08/2020","","","","","","","",""
"300","1217","68","2","27/12/2021","","","","","","","",""
"300","1218","68","31","06/12/2020","","","","","","","",""
"300","1219","70","9","21/04/2022","","","","","","","",""
"300","1220","71","37","06/07/2020","","","","","","","",""
"300","1221","72","31","25/09/2022","","","","","","","",""
"300","1222","73","1","16/11/2020","","","","","","","",""
"300","1223","74","16","12/10/2022","","","","","","","",""
"300","1224","75","43","22/07/2022","","","","","","","",""
"300","1225","76","8","06/02/2022","","","","","","","",""
"300","1226","77","20","09/12/2022","","","","","","","",""
"300","1227","78","15","05/08/2021","","","","","","","",""
"300","1228","79","41","12/04/2021","","","","","","","",""
"300","1229","80","39","19/12/2022","","","","","","","",""
"300","1230","81","27","25/12/2022","","","","","","","",""
"300","1231","82","34","12/08/2022","","","","","","","",""
"300","1232","83","44","20/11/2022","","","","","","","",""
"300","2000","51","40","20/12/2022","","","","","","","",""
"300","2001","52","21","30/08/2021","","","","","","","",""
"300","2002","53","44","22/02/2022","","","","","","","",""
"300","2003","54","13","27/08/2021","","","","","","","",""
"300","2004","52","40","26/04/2021","","","","","","","",""
"300","2005","56","45","01/01/2023","","","","","","","",""
"300","2006","57","39","26/09/2021","","","","","","","",""
"300","2007","58","21","08/07/2021","","","","","","","",""
"300","2008","59","1","14/04/2020","","","","","","","",""
"300","2009","60","44","30/11/2022","","","","","","","",""
"300","2010","61","20","17/05/2021","","","","","","","",""
"300","2011","62","9","26/04/2022","","","","","","","",""
"300","2012","62","24","15/07/2021","","","","","","","",""
"300","2013","64","39","12/05/2021","","","","","","","",""
"300","2014","65","40","28/11/2021","","","","","","","",""
"300","2015","66","34","26/09/2022","","","","","","","",""
"300","2016","67","15","05/10/2022","","","","","","","",""
"300","2017","68","21","03/11/2022","","","","","","","",""
"300","2018","69","2","04/07/2022","","","","","","","",""
"300","2019","70","22","03/09/2020","","","","","","","",""
"300","2020","71","12","26/07/2021","","","","","","","",""
"300","2021","72","32","06/11/2021","","","","","","","",""
"300","2022","73","10","11/08/2021","","","","","","","",""
"300","2023","74","32","14/09/2020","","","","","","","",""
"300","2024","75","5","10/06/2021","","","","","","","",""
"300","2025","76","1","26/03/2022","","","","","","","",""
"300","2026","77","23","16/05/2022","","","","","","","",""
"300","2027","78","7","27/03/2021","","","","","","","",""
"300","2028","79","42","14/02/2022","","","","","","","",""
"300","2029","80","21","12/12/2022","","","","","","","",""
"300","2030","81","41","12/06/2022","","","","","","","",""
"300","2031","82","25","23/12/2022","","","","","","","",""
"300","2032","83","35","14/07/2022","","","","","","","",""
"300","2100","51","19","30/09/2021","","","","","","","",""
"300","2101","52","6","18/05/2021","","","","","","","",""
"300","2102","53","16","16/05/2020","","","","","","","",""
"300","2103","54","5","22/02/2022","","","","","","","",""
"300","2104","55","9","19/11/2021","","","","","","","",""
"300","2105","56","27","28/02/2020","","","","","","","",""
"300","2106","57","43","21/12/2020","","","","","","","",""
"300","2107","58","29","04/07/2020","","","","","","","",""
"300","2108","59","21","10/08/2021","","","","","","","",""
"300","2109","60","4","06/09/2022","","","","","","","",""
"300","2110","61","5","02/12/2021","","","","","","","",""
"300","2111","62","39","02/08/2022","","","","","","","",""
"300","2112","63","13","20/10/2022","","","","","","","",""
"300","2113","64","21","28/08/2021","","","","","","","",""
"300","2114","65","10","23/01/2020","","","","","","","",""
"300","2115","66","43","13/10/2020","","","","","","","",""
"300","2116","67","10","05/04/2021","","","","","","","",""
"300","2117","68","40","09/10/2020","","","","","","","",""
"300","2118","68","33","17/02/2020","","","","","","","",""
"300","2119","70","18","08/05/2022","","","","","","","",""
"300","2120","71","41","11/06/2021","","","","","","","",""
"300","2121","72","42","06/12/2020","","","","","","","",""
"300","2122","73","18","11/06/2021","","","","","","","",""
"300","2123","74","7","04/04/2020","","","","","","","",""
"300","2124","75","1","24/08/2022","","","","","","","",""
"300","2125","76","17","12/02/2022","","","","","","","",""
"300","2126","77","42","21/04/2020","","","","","","","",""
"300","2127","78","7","25/01/2022","","","","","","","",""
"300","2128","79","10","26/09/2022","","","","","","","",""
"300","2129","80","32","21/05/2022","","","","","","","",""
"300","2130","81","45","24/04/2022","","","","","","","",""
"300","2131","82","19","22/03/2022","","","","","","","",""
"300","2132","83","3","27/03/2022","","","","","","","",""
"300","2200","51","20","23/03/2020","","","","","","","",""
"300","2201","52","3","27/02/2022","","","","","","","",""
"300","2202","53","1","16/02/2021","","","","","","","",""
"300","2203","54","44","25/04/2020","","","","","","","",""
"300","2204","55","31","30/09/2020","","","","","","","",""
"300","2205","56","25","25/06/2021","","","","","","","",""
"300","2206","57","42","24/05/2022","","","","","","","",""
"300","2207","58","32","22/06/2022","","","","","","","",""
"300","2208","59","8","22/07/2021","","","","","","","",""
"300","2209","60","23","05/01/2022","","","","","","","",""
"300","2210","61","15","22/06/2022","","","","","","","",""
"300","2211","62","7","08/05/2021","","","","","","","",""
"300","2212","63","7","05/04/2020","","","","","","","",""
"300","2213","64","32","11/07/2022","","","","","","","",""
"300","2214","65","7","26/08/2022","","","","","","","",""
"300","2215","66","39","27/12/2022","","","","","","","",""
"300","2216","67","24","29/09/2020","","","","","","","",""
"300","2217","68","40","26/11/2020","","","","","","","",""
"300","2218","68","33","08/03/2022","","","","","","","",""
"300","2219","70","32","30/08/2020","","","","","","","",""
"300","2220","71","4","22/08/2021","","","","","","","",""
"300","2221","72","34","28/06/2022","","","","","","","",""
"300","2222","73","10","05/04/2022","","","","","","","",""
"300","2223","74","11","07/06/2020","","","","","","","",""
"300","2224","75","38","18/01/2021","","","","","","","",""
"300","2225","76","15","17/02/2022","","","","","","","",""
"300","2226","77","10","27/12/2021","","","","","","","",""
"300","2227","78","38","05/11/2022","","","","","","","",""
"300","2228","79","16","28/05/2022","","","","","","","",""
"300","2229","80","43","22/03/2022","","","","","","","",""
"300","2230","81","33","16/08/2022","","","","","","","",""
"300","2231","82","26","01/12/2022","","","","","","","",""
"300","2232","83","25","27/09/2022","","","","","","","",""
"300","3000","51","20","31/08/2022","","","","","","","",""
"300","3001","52","45","15/09/2020","","","","","","","",""
"300","3002","53","21","28/05/2022","","","","","","","",""
"300","3003","54","39","13/12/2022","","","","","","","",""
"300","3004","52","40","06/12/2022","","","","","","","",""
"300","3005","56","33","05/05/2021","","","","","","","",""
"300","3006","57","17","05/01/2021","","","","","","","",""
"300","3007","58","31","11/09/2021","","","","","","","",""
"300","3008","59","24","13/04/2022","","","","","","","",""
"300","3009","60","41","03/01/2022","","","","","","","",""
"300","3010","61","39","02/03/2020","","","","","","","",""
"300","3011","62","9","22/06/2021","","","","","","","",""
"300","3012","62","26","09/10/2022","","","","","","","",""
"300","3013","64","8","19/02/2021","","","","","","","",""
"300","3014","65","10","20/04/2022","","","","","","","",""
"300","3015","66","5","09/07/2022","","","","","","","",""
"300","3016","67","30","11/12/2022","","","","","","","",""
"300","3017","68","3","05/04/2020","","","","","","","",""
"300","3018","69","27","26/11/2022","","","","","","","",""
"300","3019","70","34","03/07/2022","","","","","","","",""
"300","3020","71","12","17/01/2021","","","","","","","",""
"300","3021","72","13","10/03/2020","","","","","","","",""
"300","3022","73","38","28/04/2021","","","","","","","",""
"300","3023","74","44","30/10/2021","","","","","","","",""
"300","3024","75","20","21/09/2021","","","","","","","",""
"300","3025","76","13","03/01/2020","","","","","","","",""
"300","3026","77","29","18/12/2020","","","","","","","",""
"300","3027","78","14","30/09/2022","","","","","","","",""
"300","3028","79","8","03/12/2022","","","","","","","",""
"300","3029","80","30","17/07/2022","","","","","","","",""
"300","3030","81","11","16/12/2022","","","","","","","",""
"300","3031","82","30","09/04/2022","","","","","","","",""
"300","3032","83","38","29/04/2022","","","","","","","",""
"300","3100","51","25","06/04/2021","","","","","","","",""
"300","3101","52","30","15/11/2020","","","","","","","",""
"300","3102","53","39","05/04/2021","","","","","","","",""
"300","3103","54","42","02/08/2020","","","","","","","",""
"300","3104","55","35","01/06/2021","","","","","","","",""
"300","3105","56","7","11/09/2021","","","","","","","",""
"300","3106","57","23","13/07/2021","","","","","","","",""
"300","3107","58","40","20/01/2022","","","","","","","",""
"300","3108","59","35","17/01/2022","","","","","","","",""
"300","3109","60","10","20/02/2020","","","","","","","",""
"300","3110","61","2","19/04/2021","","","","","","","",""
"300","3111","62","27","08/09/2022","","","","","","","",""
"300","3112","63","12","24/04/2021","","","","","","","",""
"300","3113","64","21","26/05/2021","","","","","","","",""
"300","3114","65","23","26/07/2022","","","","","","","",""
"300","3115","66","42","12/03/2022","","","","","","","",""
"300","3116","67","35","11/08/2020","","","","","","","",""
"300","3117","68","17","09/05/2022","","","","","","","",""
"300","3118","68","37","17/01/2022","","","","","","","",""
"300","3119","70","22","28/08/2022","","","","","","","",""
"300","3120","71","8","12/07/2022","","","","","","","",""
"300","3121","72","37","12/04/2021","","","","","","","",""
"300","3122","73","2","07/10/2020","","","","","","","",""
"300","3123","74","13","02/05/2020","","","","","","","",""
"300","3124","75","10","12/01/2022","","","","","","","",""
"300","3125","76","25","03/06/2020","","","","","","","",""
"300","3126","77","19","31/05/2020","","","","","","","",""
"300","3127","78","41","19/01/2020","","","","","","","",""
"300","3128","79","7","24/09/2021","","","","","","","",""
"300","3129","80","10","25/11/2022","","","","","","","",""
"300","3130","81","30","25/04/2022","","","","","","","",""
"300","3131","82","24","05/08/2022","","","","","","","",""
"300","3132","83","35","29/11/2022","","","","","","","",""
"300","3200","51","34","22/12/2021","","","","","","","",""
"300","3201","52","21","13/05/2022","","","","","","","",""
"300","3202","53","36","25/01/2021","","","","","","","",""
"300","3203","54","6","04/04/2022","","","","","","","",""
"300","3204","55","1","11/02/2022","","","","","","","",""
"300","3205","56","36","15/06/2022","","","","","","","",""
"300","3206","57","4","03/07/2022","","","","","","","",""
"300","3207","58","4","15/09/2022","","","","","","","",""
"300","3208","59","26","24/04/2021","","","","","","","",""
"300","3209","60","33","23/01/2020","","","","","","","",""
"300","3210","61","20","22/02/2020","","","","","","","",""
"300","3211","62","5","04/04/2022","","","","","","","",""
"300","3212","63","35","02/04/2020","","","","","","","",""
"300","3213","64","14","09/01/2020","","","","","","","",""
"300","3214","65","25","25/02/2021","","","","","","","",""
"300","3215","66","1","15/05/2020","","","","","","","",""
"300","3216","67","29","24/04/2022","","","","","","","",""
"300","3217","68","5","25/01/2022","","","","","","","",""
"300","3218","68","9","28/09/2020","","","","","","","",""
"300","3219","70","42","20/02/2021","","","","","","","",""
"300","3220","71","14","16/07/2021","","","","","","","",""
"300","3221","72","8","16/05/2021","","","","","","","",""
"300","3222","73","5","30/06/2020","","","","","","","",""
"300","3223","74","6","20/01/2022","","","","","","","",""
"300","3224","75","19","03/02/2022","","","","","","","",""
"300","3225","76","39","31/07/2020","","","","","","","",""
"300","3226","77","34","17/09/2020","","","","","","","",""
"300","3227","78","29","07/08/2020","","","","","","","",""
"300","3228","79","9","08/04/2021","","","","","","","",""
"300","3229","80","26","15/07/2022","","","","","","","",""
"300","3230","81","33","31/10/2022","","","","","","","",""
"300","3231","82","43","21/03/2022","","","","","","","",""
"300","3232","83","9","21/03/2022","","","","","","","",""
"300","4000","77","33","20/05/2021","","","","","","","",""
"300","4001","52","1","30/06/2020","","","","","","","",""
"300","4002","74","16","19/07/2022","","","","","","","",""
"300","4003","54","43","12/01/2022","","","","","","","",""
"300","4004","81","18","24/08/2022","","","","","","","",""
"300","4005","56","23","03/11/2022","","","","","","","",""
"300","4006","69","25","31/10/2022","","","","","","","",""
"300","4007","58","34","23/04/2022","","","","","","","",""
"300","4008","90","14","18/08/2020","","","","","","","",""
"300","4009","88","33","22/10/2022","","","","","","","",""
"300","4010","86","40","27/05/2020","","","","","","","",""
"300","4011","88","32","13/01/2020","","","","","","","",""
"300","4013","89","13","08/06/2021","","","","","","","",""
"300","4015","90","17","31/05/2020","","","","","","","",""
"300","4016","89","22","26/03/2021","","","","","","","",""
"300","4017","86","38","02/11/2022","","","","","","","",""
"300","4019","90","13","30/09/2020","","","","","","","",""
"300","4020","88","25","27/07/2020","","","","","","","",""
"300","4024","86","29","14/12/2022","","","","","","","",""
"300","4026","90","31","02/01/2021","","","","","","","",""
"300","4027","88","22","21/09/2020","","","","","","","",""
"300","4028","88","42","17/02/2021","","","","","","","",""
"300","4029","86","2","18/08/2021","","","","","","","",""
"300","4030","86","39","27/08/2022","","","","","","","",""
"300","4031","86","9","08/07/2020","","","","","","","",""
"300","4032","87","11","09/07/2022","","","","","","","",""
"300","4034","104","35","16/12/2022","","","","","","","",""
"300","4035","101","45","02/10/2020","","","","","","","",""
"300","4036","107","45","29/08/2021","","","","","","","",""
"300","4037","89","41","17/10/2021","","","","","","","",""
"300","4038","140","45","25/12/2021","","","","","","","",""
"300","4039","149","36","28/04/2020","","","","","","","",""
"300","4040","101","45","05/01/2020","","","","","","","",""
"300","4041","119","35","31/10/2021","","","","","","","",""
"300","4042","137","43","08/03/2022","","","","","","","",""
"300","4043","109","39","31/07/2021","","","","","","","",""
"300","4044","139","37","03/08/2021","","","","","","","",""
"300","4045","86","35","19/06/2021","","","","","","","",""
"300","4046","140","39","17/03/2020","","","","","","","",""
"300","4047","124","42","12/06/2020","","","","","","","",""
"300","4048","120","41","05/10/2020","","","","","","","",""
"300","4049","145","42","24/10/2021","","","","","","","",""
"300","4050","145","40","16/07/2022","","","","","","","",""
"300","4051","129","44","15/10/2022","","","","","","","",""
"300","4052","125","38","10/11/2020","","","","","","","",""
"300","4053","106","36","24/06/2020","","","","","","","",""
"300","4054","139","36","10/08/2020","","","","","","","",""
"300","4055","95","38","04/10/2020","","","","","","","",""
"300","4056","90","45","01/03/2022","","","","","","","",""
"300","4057","101","40","15/10/2022","","","","","","","",""
"300","4058","131","40","04/12/2022","","","","","","","",""
"300","4059","129","42","22/06/2021","","","","","","","",""
"300","4060","144","43","06/04/2022","","","","","","","",""
"300","4061","97","36","21/01/2021","","","","","","","",""
"300","4062","98","43","02/08/2022","","","","","","","",""
"300","4063","101","38","20/04/2021","","","","","","","",""
"300","4064","137","39","06/06/2020","","","","","","","",""
"300","4065","131","37","02/01/2020","","","","","","","",""
"300","4066","105","35","30/06/2020","","","","","","","",""
"300","4067","89","43","03/01/2022","","","","","","","",""
"300","4068","142","42","02/09/2020","","","","","","","",""
"300","4069","100","41","12/05/2021","","","","","","","",""
"300","4070","91","44","30/09/2022","","","","","","","",""
"300","4071","115","37","05/02/2020","","","","","","","",""
"300","4072","104","39","09/09/2022","","","","","","","",""
"300","4073","132","44","02/09/2021","","","","","","","",""
"300","4074","119","37","24/11/2021","","","","","","","",""
"300","4075","144","36","11/03/2020","","","","","","","",""
"300","4076","93","43","12/11/2021","","","","","","","",""
"300","4077","103","42","24/08/2020","","","","","","","",""
"300","4078","98","41","08/12/2021","","","","","","","",""
"300","4079","106","37","19/09/2020","","","","","","","",""
"300","4080","131","44","10/06/2020","","","","","","","",""
"300","4081","99","39","08/09/2021","","","","","","","",""
"300","4082","97","37","07/08/2021","","","","","","","",""
"300","4083","92","38","22/11/2022","","","","","","","",""
"300","4084","102","43","17/04/2021","","","","","","","",""
"300","4085","113","42","20/07/2022","","","","","","","",""
"300","4086","113","41","21/01/2020","","","","","","","",""
"300","4087","130","45","22/03/2021","","","","","","","",""
"300","4088","90","37","29/07/2021","","","","","","","",""
"300","4089","98","36","16/10/2021","","","","","","","",""
"300","4090","111","38","01/07/2021","","","","","","","",""
"300","4091","97","36","15/07/2022","","","","","","","",""
"300","4092","92","39","01/01/2022","","","","","","","",""
"300","4093","118","43","18/10/2020","","","","","","","",""
"300","4094","134","38","05/04/2020","","","","","","","",""
"300","4095","127","39","07/01/2020","","","","","","","",""
"300","4096","106","39","29/12/2021","","","","","","","",""
"300","4097","105","38","26/09/2020","","","","","","","",""
"300","4098","103","35","13/05/2020","","","","","","","",""
"300","4099","85","42","28/04/2021","","","","","","","",""
"301","1000","103","1","5","9999","","","","","","",""
"301","1000","104","2","1","8500","","","","","","",""
"301","1000","100","1","5","150757","","","","","","",""
"301","1012","100","2","1","308314","","","","","","",""
"301","1021","100","3","6","430848","","","","","","",""
"301","1025","100","8","8","1230928","","","","","","",""
"301","1026","100","2","1","298112","","","","","","",""
"301","1027","100","2","2","311366","","","","","","",""
"301","1100","100","5","1","729515","","","","","","",""
"301","1108","100","2","2","307412","","","","","","",""
"301","1116","100","1","4","135556","","","","","","",""
"301","1124","100","3","8","467472","","","","","","",""
"301","1200","100","2","4","295644","","","","","","",""
"301","1204","100","2","4","280124","","","","","","",""
"301","1205","100","2","6","270562","","","","","","",""
"301","1206","100","3","8","425940","","","","","","",""
"301","1216","100","1","5","137527","","","","","","",""
"301","2007","100","8","1","1164952","","","","","","",""
"301","2010","100","7","6","1072211","","","","","","",""
"301","2011","100","9","5","1403253","","","","","","",""
"301","2012","100","15","6","2175990","","","","","","",""
"301","2015","100","1","2","137996","","","","","","",""
"301","2016","100","8","1","1206112","","","","","","",""
"301","2019","100","4","5","543952","","","","","","",""
"301","2027","100","15","5","2360520","","","","","","",""
"301","2107","100","3","4","447342","","","","","","",""
"301","2111","100","12","6","1891992","","","","","","",""
"301","2112","100","20","6","3116120","","","","","","",""
"301","2113","100","10","5","1481080","","","","","","",""
"301","2119","100","4","6","594764","","","","","","",""
"301","2120","100","9","8","1356939","","","","","","",""
"301","2127","100","2","1","308178","","","","","","",""
"301","2207","100","6","4","891888","","","","","","",""
"301","2211","100","8","6","1195096","","","","","","",""
"301","2212","100","2","8","273634","","","","","","",""
"301","2213","100","2","6","283520","","","","","","",""
"301","2219","100","1","1","136297","","","","","","",""
"301","2227","100","3","5","434409","","","","","","",""
"301","3007","100","2","1","271938","","","","","","",""
"301","3011","100","2","3","270906","","","","","","",""
"301","3012","100","2","2","282796","","","","","","",""
"301","3013","100","3","1","453252","","","","","","",""
"301","3014","100","3","4","438042","","","","","","",""
"301","3019","100","3","6","481065","","","","","","",""
"301","3027","100","8","2","1134696","","","","","","",""
"301","3107","100","6","6","826500","","","","","","",""
"301","3111","100","4","6","572320","","","","","","",""
"301","3112","100","8","1","1216096","","","","","","",""
"301","3113","100","2","5","287590","","","","","","",""
"301","3119","100","12","6","1781892","","","","","","",""
"301","3127","100","4","8","588964","","","","","","",""
"301","4003","100","11","5","1723293","","","","","","",""
"301","4013","100","2","5","294250","","","","","","",""
"301","4017","100","2","1","297428","","","","","","",""
"301","4028","100","3","5","431976","","","","","","",""
"301","4029","100","2","5","291508","","","","","","",""
"301","4030","100","2","5","316818","","","","","","",""
"301","4031","100","6","4","934278","","","","","","",""
"301","4037","100","2","2","304092","","","","","","",""
"301","4082","100","2","8","298888","","","","","","",""
"301","4077","100","1","4","151663","","","","","","",""
"301","4084","100","1","8","149017","","","","","","",""
"301","4080","100","1","5","144754","","","","","","",""
"301","4054","100","1","8","145309","","","","","","",""
"301","1000","101","5","5","437940","","","","","","",""
"301","1001","101","2","2","193654","","","","","","",""
"301","1003","101","6","1","520038","","","","","","",""
"301","1007","101","4","1","378648","","","","","","",""
"301","1013","101","3","1","289794","","","","","","",""
"301","1014","101","6","3","540948","","","","","","",""
"301","1017","101","6","5","567510","","","","","","",""
"301","1019","101","5","5","472380","","","","","","",""
"301","1022","101","2","5","186774","","","","","","",""
"301","1101","101","6","1","508554","","","","","","",""
"301","1109","101","2","6","187172","","","","","","",""
"301","1110","101","9","4","851364","","","","","","",""
"301","1117","101","3","5","255891","","","","","","",""
"301","1125","101","9","6","848304","","","","","","",""
"301","1127","101","8","5","763696","","","","","","",""
"301","1132","101","9","2","76039200","","","","","","",""
"301","1201","101","7","1","615069","","","","","","",""
"301","1217","101","3","6","283761","","","","","","",""
"301","1220","101","4","8","380344","","","","","","",""
"301","1225","101","5","2","447895","","","","","","",""
"301","1232","101","3","8","25924800","","","","","","",""
"301","2008","101","2","8","182470","","","","","","",""
"301","2020","101","7","3","598514","","","","","","",""
"301","2028","101","21","2","1892751","","","","","","",""
"301","2032","101","5","5","43255500","","","","","","",""
"301","2108","101","9","2","765639","","","","","","",""
"301","2111","101","3","6","254247","","","","","","",""
"301","2118","101","8","5","676232","","","","","","",""
"301","2119","101","2","6","191512","","","","","","",""
"301","2120","101","1","8","96345","","","","","","",""
"301","2128","101","3","5","251520","","","","","","",""
"301","2132","101","1","1","8612600","","","","","","",""
"301","2208","101","2","6","171600","","","","","","",""
"301","2210","101","7","1","647234","","","","","","",""
"301","2216","101","12","4","1092096","","","","","","",""
"301","2220","101","3","2","287031","","","","","","",""
"301","2228","101","9","6","799281","","","","","","",""
"301","2232","101","5","4","42785500","","","","","","",""
"301","3008","101","7","8","635964","","","","","","",""
"301","3010","101","1","4","100153","","","","","","",""
"301","3013","101","8","2","728408","","","","","","",""
"301","3020","101","9","5","821799","","","","","","",""
"301","3028","101","4","5","339908","","","","","","",""
"301","3032","101","1","1","9959700","","","","","","",""
"301","3108","101","9","5","828630","","","","","","",""
"301","3110","101","2","2","171710","","","","","","",""
"301","3116","101","2","6","188298","","","","","","",""
"301","3120","101","20","5","1936620","","","","","","",""
"301","3128","101","1","6","99503","","","","","","",""
"301","4005","101","4","6","404808","","","","","","",""
"301","4008","101","2","1","187846","","","","","","",""
"301","4030","101","2","8","175718","","","","","","",""
"301","4062","101","2","3","185006","","","","","","",""
"301","4098","101","2","8","168554","","","","","","",""
"301","4098","101","1","1","97366","","","","","","",""
"301","4051","101","1","5","93143","","","","","","",""
"301","4077","101","2","4","188018","","","","","","",""
"301","4046","101","1","2","88103","","","","","","",""
"301","4084","101","1","1","92820","","","","","","",""
"301","4035","101","1","5","94303","","","","","","",""
"301","4063","101","2","5","192450","","","","","","",""
"301","4042","101","2","2","181010","","","","","","",""
"301","4047","101","2","8","173858","","","","","","",""
"301","4061","101","2","5","186354","","","","","","",""
"301","4070","101","1","6","84203","","","","","","",""
"301","4040","101","2","8","170618","","","","","","",""
"301","4036","101","1","6","92281","","","","","","",""
"301","4053","101","1","2","90372","","","","","","",""
"301","4074","101","2","4","184030","","","","","","",""
"301","4041","101","2","6","179932","","","","","","",""
"301","1001","105","4","2","40720","","","","","","",""
"301","1005","105","1","6","10524","","","","","","",""
"301","1017","105","1","8","10705","","","","","","",""
"301","1021","105","9","6","102177","","","","","","",""
"301","1029","105","9","5","9653400","","","","","","",""
"301","1032","105","1","8","1162200","","","","","","",""
"301","1101","105","8","4","88736","","","","","","",""
"301","1104","105","9","5","101898","","","","","","",""
"301","1105","105","7","4","81011","","","","","","",""
"301","1108","105","16","6","184288","","","","","","",""
"301","1113","105","1","1","11333","","","","","","",""
"301","1121","105","8","5","84904","","","","","","",""
"301","1125","105","7","6","79835","","","","","","",""
"301","1129","105","5","4","5688500","","","","","","",""
"301","1130","105","5","2","5395000","","","","","","",""
"301","1208","105","15","5","165645","","","","","","",""
"301","1209","105","21","3","233352","","","","","","",""
"301","1220","105","3","5","32778","","","","","","",""
"301","1224","105","3","6","31644","","","","","","",""
"301","1226","105","1","2","10209","","","","","","",""
"301","1230","105","6","6","6700800","","","","","","",""
"301","2003","105","3","5","35070","","","","","","",""
"301","2012","105","6","2","66516","","","","","","",""
"301","2015","105","20","6","235180","","","","","","",""
"301","2024","105","2","3","21744","","","","","","",""
"301","2103","105","4","4","44420","","","","","","",""
"301","2111","105","12","6","124152","","","","","","",""
"301","2114","105","2","2","20390","","","","","","",""
"301","2115","105","8","1","89712","","","","","","",""
"301","2118","105","8","5","83848","","","","","","",""
"301","2124","105","4","6","45612","","","","","","",""
"301","2203","105","3","2","31821","","","","","","",""
"301","2211","105","2","6","20354","","","","","","",""
"301","2215","105","9","5","90621","","","","","","",""
"301","2218","105","4","6","46952","","","","","","",""
"301","2224","105","8","4","88704","","","","","","",""
"301","3003","105","2","1","23136","","","","","","",""
"301","3015","105","4","3","40788","","","","","","",""
"301","3018","105","2","1","23666","","","","","","",""
"301","3024","105","20","5","229740","","","","","","",""
"301","3103","105","4","6","42048","","","","","","",""
"301","3113","105","7","5","79604","","","","","","",""
"301","3115","105","3","8","34995","","","","","","",""
"301","3118","105","21","6","221550","","","","","","",""
"301","3124","105","4","2","45304","","","","","","",""
"301","4002","105","3","8","32277","","","","","","",""
"301","4003","105","16","5","162800","","","","","","",""
"301","4005","105","5","1","60175","","","","","","",""
"301","4015","105","3","8","30549","","","","","","",""
"301","4015","105","4","2","47296","","","","","","",""
"301","4019","105","1","1","11224","","","","","","",""
"301","4032","105","3","3","33276","","","","","","",""
"301","4092","105","1","3","11480","","","","","","",""
"301","4096","105","1","1","10413","","","","","","",""
"301","4098","105","2","1","22762","","","","","","",""
"301","4051","105","1","3","10145","","","","","","",""
"301","4077","105","2","2","20672","","","","","","",""
"301","4034","105","1","1","11402","","","","","","",""
"301","4094","105","1","2","11441","","","","","","",""
"301","4049","105","1","3","10501","","","","","","",""
"301","1002","102","1","3","38796","","","","","","",""
"301","1004","102","8","5","274568","","","","","","",""
"301","1008","102","9","8","308457","","","","","","",""
"301","1012","102","1","1","34964","","","","","","",""
"301","1013","102","3","1","101613","","","","","","",""
"301","1014","102","9","3","304965","","","","","","",""
"301","1016","102","3","2","112434","","","","","","",""
"301","1018","102","6","6","205920","","","","","","",""
"301","1019","102","2","5","76098","","","","","","",""
"301","1023","102","7","2","247688","","","","","","",""
"301","1024","102","4","1","135076","","","","","","",""
"301","1102","102","1","2","38741","","","","","","",""
"301","1103","102","2","2","67094","","","","","","",""
"301","1107","102","5","1","183040","","","","","","",""
"301","1110","102","3","1","107655","","","","","","",""
"301","1118","102","2","5","68218","","","","","","",""
"301","1120","102","20","6","698560","","","","","","",""
"301","1122","102","2","1","71476","","","","","","",""
"301","1123","102","3","6","111600","","","","","","",""
"301","1130","102","3","5","10396200","","","","","","",""
"301","1132","102","5","6","18561000","","","","","","",""
"301","1202","102","4","3","151000","","","","","","",""
"301","1218","102","2","3","76044","","","","","","",""
"301","1221","102","8","3","282424","","","","","","",""
"301","1223","102","14","2","475104","","","","","","",""
"301","2000","102","2","5","76414","","","","","","",""
"301","2009","102","2","1","68022","","","","","","",""
"301","2020","102","3","1","116343","","","","","","",""
"301","2021","102","4","2","144468","","","","","","",""
"301","2029","102","12","6","44690400","","","","","","",""
"301","2100","102","8","5","269424","","","","","","",""
"301","2109","102","15","1","565215","","","","","","",""
"301","2110","102","5","6","186875","","","","","","",""
"301","2114","102","6","2","212046","","","","","","",""
"301","2117","102","9","8","303705","","","","","","",""
"301","2118","102","2","5","75420","","","","","","",""
"301","2121","102","3","5","115872","","","","","","",""
"301","2129","102","9","4","33799500","","","","","","",""
"301","2200","102","5","8","172175","","","","","","",""
"301","2209","102","7","5","244510","","","","","","",""
"301","2220","102","5","2","183635","","","","","","",""
"301","2221","102","2","5","77176","","","","","","",""
"301","2229","102","1","1","3431900","","","","","","",""
"301","3000","102","6","6","220914","","","","","","",""
"301","3009","102","4","4","150336","","","","","","",""
"301","3012","102","12","6","418584","","","","","","",""
"301","3018","102","1","2","35149","","","","","","",""
"301","3021","102","15","8","515475","","","","","","",""
"301","3029","102","5","2","18084000","","","","","","",""
"301","3100","102","3","4","104160","","","","","","",""
"301","3109","102","1","5","39703","","","","","","",""
"301","3114","102","3","6","113199","","","","","","",""
"301","3119","102","1","6","37983","","","","","","",""
"301","3121","102","10","1","368080","","","","","","",""
"301","3129","102","3","6","10305300","","","","","","",""
"301","3203","102","3","2","113790","","","","","","",""
"301","3206","102","2","6","72342","","","","","","",""
"301","3212","102","3","2","117201","","","","","","",""
"301","3215","102","2","6","75750","","","","","","",""
"301","3226","102","2","2","72920","","","","","","",""
"301","4000","102","9","5","339012","","","","","","",""
"301","4003","102","8","5","305312","","","","","","",""
"301","4004","102","22","4","75347800","","","","","","",""
"301","4005","102","10","6","351000","","","","","","",""
"301","4026","102","3","5","102201","","","","","","",""
"301","4026","102","3","5","110013","","","","","","",""
"301","4090","102","2","8","70326","","","","","","",""
"301","4098","102","2","3","69868","","","","","","",""
"301","4051","102","2","3","78368","","","","","","",""
"301","4044","102","2","1","77188","","","","","","",""
"301","4093","102","1","5","34022","","","","","","",""
"301","4056","102","2","6","69266","","","","","","",""
"301","4088","102","2","3","77420","","","","","","",""
"301","4057","102","1","4","37887","","","","","","",""
"301","4087","102","1","4","33833","","","","","","",""
"301","4070","102","2","1","72208","","","","","","",""
"301","4040","102","1","4","34513","","","","","","",""
"301","4071","102","2","4","77604","","","","","","",""
"301","4078","102","1","3","37774","","","","","","",""
"301","1002","103","2","3","68926","","","","","","",""
"301","1003","103","5","1","168425","","","","","","",""
"301","1011","103","5","4","177660","","","","","","",""
"301","1015","103","1","5","37772","","","","","","",""
"301","1017","103","7","8","268198","","","","","","",""
"301","1018","103","6","6","222846","","","","","","",""
"301","1023","103","9","2","349713","","","","","","",""
"301","1024","103","4","1","143692","","","","","","",""
"301","1030","103","1","6","3414000","","","","","","",""
"301","1103","103","3","6","114210","","","","","","",""
"301","1111","103","1","1","34104","","","","","","",""
"301","1119","103","7","4","253477","","","","","","",""
"301","1121","103","3","5","115092","","","","","","",""
"301","1122","103","11","1","415800","","","","","","",""
"301","1203","103","8","2","279640","","","","","","",""
"301","1219","103","7","2","268660","","","","","","",""
"301","1227","103","2","3","74572","","","","","","",""
"301","1228","103","1","3","34811","","","","","","",""
"301","1229","103","5","4","17654000","","","","","","",""
"301","2001","103","7","1","248248","","","","","","",""
"301","2010","103","3","3","107454","","","","","","",""
"301","2016","103","10","2","337820","","","","","","",""
"301","2022","103","8","4","272648","","","","","","",""
"301","2030","103","20","4","70062000","","","","","","",""
"301","2101","103","4","2","136400","","","","","","",""
"301","2110","103","21","4","762258","","","","","","",""
"301","2115","103","3","1","117741","","","","","","",""
"301","2116","103","4","1","136656","","","","","","",""
"301","2119","103","6","4","233964","","","","","","",""
"301","2122","103","2","2","74698","","","","","","",""
"301","2130","103","1","5","3775100","","","","","","",""
"301","2201","103","6","1","205452","","","","","","",""
"301","2210","103","4","1","153956","","","","","","",""
"301","2214","103","5","4","179740","","","","","","",""
"301","2216","103","5","4","179540","","","","","","",""
"301","2222","103","7","2","276220","","","","","","",""
"301","2230","103","2","8","6753200","","","","","","",""
"301","3001","103","1","3","35067","","","","","","",""
"301","3010","103","8","5","316608","","","","","","",""
"301","3016","103","8","6","289280","","","","","","",""
"301","3022","103","21","6","804153","","","","","","",""
"301","3030","103","8","5","28425600","","","","","","",""
"301","3101","103","2","5","79180","","","","","","",""
"301","3110","103","2","2","73746","","","","","","",""
"301","3112","103","9","1","320598","","","","","","",""
"301","3116","103","9","6","333414","","","","","","",""
"301","3118","103","13","4","456690","","","","","","",""
"301","3122","103","5","3","179315","","","","","","",""
"301","3130","103","2","5","7861000","","","","","","",""
"301","4006","103","5","3","186985","","","","","","",""
"301","4007","103","4","8","138664","","","","","","",""
"301","4009","103","4","5","157724","","","","","","",""
"301","4011","103","4","5","135772","","","","","","",""
"301","4017","103","2","8","74934","","","","","","",""
"301","4051","103","2","4","67956","","","","","","",""
"301","4093","103","1","2","39980","","","","","","",""
"301","4079","103","2","8","72038","","","","","","",""
"301","4043","103","1","6","39686","","","","","","",""
"301","1004","104","6","5","179376","","","","","","",""
"301","1009","104","3","6","91161","","","","","","",""
"301","1012","104","1","1","29781","","","","","","",""
"301","1014","104","6","3","194796","","","","","","",""
"301","1016","104","2","2","68014","","","","","","",""
"301","1020","104","2","5","61014","","","","","","",""
"301","1031","104","2","4","5857000","","","","","","",""
"301","1100","104","7","2","207067","","","","","","",""
"301","1104","104","2","5","60148","","","","","","",""
"301","1106","104","12","6","382836","","","","","","",""
"301","1111","104","2","8","61134","","","","","","",""
"301","1112","104","2","8","66414","","","","","","",""
"301","1125","104","4","6","131932","","","","","","",""
"301","1128","104","1","6","31303","","","","","","",""
"301","1131","104","12","5","35623200","","","","","","",""
"301","1222","104","8","1","262320","","","","","","",""
"301","2002","104","1","6","32647","","","","","","",""
"301","2014","104","5","5","164300","","","","","","",""
"301","2023","104","2","6","65766","","","","","","",""
"301","2031","104","10","6","34555000","","","","","","",""
"301","2102","104","7","6","216685","","","","","","",""
"301","2112","104","20","6","690260","","","","","","",""
"301","2116","104","3","1","102246","","","","","","",""
"301","2117","104","5","8","152630","","","","","","",""
"301","2123","104","7","6","207228","","","","","","",""
"301","2131","104","2","6","6130800","","","","","","",""
"301","2202","104","1","3","32008","","","","","","",""
"301","2217","104","8","3","263288","","","","","","",""
"301","2218","104","3","6","101868","","","","","","",""
"301","2223","104","4","1","136388","","","","","","",""
"301","2231","104","1","2","3455700","","","","","","",""
"301","3002","104","3","4","92454","","","","","","",""
"301","3011","104","4","4","125044","","","","","","",""
"301","3015","104","6","1","195402","","","","","","",""
"301","3017","104","2","5","67374","","","","","","",""
"301","3019","104","4","1","125936","","","","","","",""
"301","3023","104","12","5","365892","","","","","","",""
"301","3031","104","4","6","13471200","","","","","","",""
"301","3102","104","7","6","204904","","","","","","",""
"301","3117","104","15","6","508260","","","","","","",""
"301","3123","104","8","1","273928","","","","","","",""
"301","3131","104","7","6","21719600","","","","","","",""
"301","3201","104","2","1","65232","","","","","","",""
"301","3202","104","2","6","64576","","","","","","",""
"301","3204","104","8","4","251352","","","","","","",""
"301","3205","104","2","5","62018","","","","","","",""
"301","3209","104","15","3","500295","","","","","","",""
"301","3210","104","2","1","60274","","","","","","",""
"301","3211","104","2","6","64434","","","","","","",""
"301","3213","104","8","4","266000","","","","","","",""
"301","3214","104","2","5","65710","","","","","","",""
"301","3218","104","15","3","495570","","","","","","",""
"301","3220","104","15","3","468090","","","","","","",""
"301","3224","104","1","5","34222","","","","","","",""
"301","3225","104","3","6","99606","","","","","","",""
"301","3231","104","2","3","6065600","","","","","","",""
"301","3232","104","3","2","10236900","","","","","","",""
"301","4002","104","8","8","276312","","","","","","",""
"301","4005","104","6","1","177978","","","","","","",""
"301","4006","104","11","3","352627","","","","","","",""
"301","4008","104","2","8","64862","","","","","","",""
"301","4010","104","2","1","69590","","","","","","",""
"301","4013","104","1","6","34535","","","","","","",""
"301","4016","104","3","4","94695","","","","","","",""
"301","4019","104","3","4","96711","","","","","","",""
"301","4028","104","3","1","90522","","","","","","",""
"301","4095","104","2","1","64488","","","","","","",""
"301","4075","104","1","6","31691","","","","","","",""
"301","4060","104","2","2","67096","","","","","","",""
"301","1005","106","4","6","80528","","","","","","",""
"301","1006","106","6","4","120084","","","","","","",""
"301","1013","106","5","1","105130","","","","","","",""
"301","1015","106","7","5","143346","","","","","","",""
"301","1018","106","5","6","94815","","","","","","",""
"301","1022","106","4","5","78936","","","","","","",""
"301","1106","106","4","5","74644","","","","","","",""
"301","1114","106","5","5","92810","","","","","","",""
"301","1121","106","6","5","118692","","","","","","",""
"301","1122","106","2","1","37402","","","","","","",""
"301","1123","106","5","6","102150","","","","","","",""
"301","1124","106","3","8","55560","","","","","","",""
"301","1130","106","6","5","12190200","","","","","","",""
"301","1131","106","3","4","5826300","","","","","","",""
"301","1210","106","12","1","237180","","","","","","",""
"301","1224","106","8","2","166296","","","","","","",""
"301","1225","106","9","5","183366","","","","","","",""
"301","1231","106","1","2","2066500","","","","","","",""
"301","2004","106","2","2","41776","","","","","","",""
"301","2011","106","14","6","299502","","","","","","",""
"301","2019","106","6","6","112854","","","","","","",""
"301","2025","106","3","4","61128","","","","","","",""
"301","2104","106","8","2","169176","","","","","","",""
"301","2110","106","21","6","425712","","","","","","",""
"301","2116","106","5","1","104475","","","","","","",""
"301","2125","106","8","5","155952","","","","","","",""
"301","2204","106","2","4","37496","","","","","","",""
"301","2215","106","4","5","77796","","","","","","",""
"301","2225","106","2","3","40650","","","","","","",""
"301","3004","106","7","3","152873","","","","","","",""
"301","3025","106","10","1","184140","","","","","","",""
"301","3104","106","8","6","160640","","","","","","",""
"301","3125","106","5","6","109670","","","","","","",""
"301","4006","106","12","3","263172","","","","","","",""
"301","4017","106","4","6","81104","","","","","","",""
"301","4020","106","2","1","36768","","","","","","",""
"301","4024","106","3","3","62031","","","","","","",""
"301","4024","106","3","5","66951","","","","","","",""
"301","4096","106","1","5","18497","","","","","","",""
"301","4090","106","1","4","18929","","","","","","",""
"301","4051","106","2","1","40084","","","","","","",""
"301","4080","106","1","5","21306","","","","","","",""
"301","4065","106","2","6","40948","","","","","","",""
"301","4059","106","1","6","20424","","","","","","",""
"301","4059","106","2","5","42052","","","","","","",""
"301","4070","106","2","5","38198","","","","","","",""
"301","4097","106","1","1","21625","","","","","","",""
"301","4099","106","2","5","38322","","","","","","",""
"301","4075","106","1","2","19968","","","","","","",""
"301","4078","106","2","6","41004","","","","","","",""
"301","4064","106","1","2","18939","","","","","","",""
"301","1006","107","2","4","54714","","","","","","",""
"301","1007","107","2","1","49058","","","","","","",""
"301","1016","107","4","2","99708","","","","","","",""
"301","1019","107","6","5","167364","","","","","","",""
"301","1028","107","6","6","166962","","","","","","",""
"301","1102","107","5","8","132325","","","","","","",""
"301","1107","107","8","5","200176","","","","","","",""
"301","1115","107","6","2","156384","","","","","","",""
"301","1123","107","2","6","50926","","","","","","",""
"301","1131","107","1","5","2482100","","","","","","",""
"301","1207","107","9","2","247302","","","","","","",""
"301","1211","107","20","6","553200","","","","","","",""
"301","1220","107","12","3","293556","","","","","","",""
"301","1224","107","8","6","221544","","","","","","",""
"301","2005","107","7","3","195489","","","","","","",""
"301","2014","107","12","6","336360","","","","","","",""
"301","2026","107","9","5","219447","","","","","","",""
"301","2105","107","2","5","52796","","","","","","",""
"301","2113","107","10","5","278370","","","","","","",""
"301","2114","107","5","2","122615","","","","","","",""
"301","2126","107","2","2","50022","","","","","","",""
"301","2205","107","7","3","190155","","","","","","",""
"301","2214","107","3","6","81750","","","","","","",""
"301","2226","107","2","4","53562","","","","","","",""
"301","3005","107","1","5","27537","","","","","","",""
"301","3014","107","9","5","244872","","","","","","",""
"301","3017","107","5","4","135540","","","","","","",""
"301","3020","107","2","1","54146","","","","","","",""
"301","3026","107","5","5","128155","","","","","","",""
"301","3105","107","2","6","53918","","","","","","",""
"301","3111","107","14","6","343588","","","","","","",""
"301","3114","107","2","6","53242","","","","","","",""
"301","3115","107","6","8","158484","","","","","","",""
"301","3120","107","8","5","214640","","","","","","",""
"301","3126","107","8","6","230848","","","","","","",""
"301","4003","107","6","5","170256","","","","","","",""
"301","4005","107","5","1","122430","","","","","","",""
"301","4016","107","1","8","25233","","","","","","",""
"301","4020","107","3","2","74589","","","","","","",""
"301","4027","107","1","1","25600","","","","","","",""
"301","4028","107","3","5","75180","","","","","","",""
"301","4029","107","4","4","112276","","","","","","",""
"301","4030","107","3","5","77799","","","","","","",""
"301","4031","107","2","2","50464","","","","","","",""
"301","4082","107","2","3","55124","","","","","","",""
"301","4084","107","2","2","55342","","","","","","",""
"301","4085","107","1","6","25022","","","","","","",""
"301","4035","107","2","5","54136","","","","","","",""
"301","4042","107","1","6","25009","","","","","","",""
"301","4047","107","2","3","51308","","","","","","",""
"301","4095","107","1","8","24481","","","","","","",""
"301","4053","107","1","2","28182","","","","","","",""
"301","1008","108","7","8","279293","","","","","","",""
"301","1009","108","4","6","159272","","","","","","",""
"301","1010","108","8","2","306040","","","","","","",""
"301","1011","108","2","6","75286","","","","","","",""
"301","1015","108","7","5","264845","","","","","","",""
"301","1020","108","1","5","36929","","","","","","",""
"301","1105","108","5","2","192885","","","","","","",""
"301","1109","108","4","5","162916","","","","","","",""
"301","1124","108","6","8","244542","","","","","","",""
"301","1132","108","3","2","11898600","","","","","","",""
"301","1212","108","10","2","396610","","","","","","",""
"301","1213","108","5","5","184410","","","","","","",""
"301","1214","108","8","1","311664","","","","","","",""
"301","1215","108","4","8","140820","","","","","","",""
"301","1225","108","4","6","163200","","","","","","",""
"301","2006","108","4","2","141000","","","","","","",""
"301","2106","108","2","6","77058","","","","","","",""
"301","2112","108","14","1","496748","","","","","","",""
"301","2113","108","8","5","282568","","","","","","",""
"301","2115","108","15","1","556725","","","","","","",""
"301","2117","108","13","8","467792","","","","","","",""
"301","2120","108","11","8","449031","","","","","","",""
"301","2206","108","1","5","36380","","","","","","",""
"301","2212","108","14","8","514248","","","","","","",""
"301","2217","108","9","3","328410","","","","","","",""
"301","3006","108","3","6","123657","","","","","","",""
"301","3106","108","2","8","75112","","","","","","",""
"301","3117","108","5","6","201830","","","","","","",""
"301","4002","108","7","8","276794","","","","","","",""
"301","4004","108","3","4","10890900","","","","","","",""
"301","4005","108","11","1","454751","","","","","","",""
"301","4006","108","9","3","324018","","","","","","",""
"301","4016","108","4","2","141156","","","","","","",""
"301","4017","108","4","2","152244","","","","","","",""
"301","4024","108","3","5","106209","","","","","","",""
"301","4024","108","3","5","116892","","","","","","",""
"301","4092","108","2","2","78822","","","","","","",""
"301","4092","108","1","3","36960","","","","","","",""
"301","4058","108","1","6","40821","","","","","","",""
"301","4062","108","1","1","38073","","","","","","",""
"301","4046","108","2","4","75010","","","","","","",""
"301","4046","108","2","6","78088","","","","","","",""
"301","4081","108","2","3","73408","","","","","","",""
"301","4035","108","2","2","81500","","","","","","",""
"301","4093","108","1","8","36816","","","","","","",""
"301","4061","108","1","8","40199","","","","","","",""
"301","4086","108","1","6","38763","","","","","","",""
"301","4049","108","2","8","71432","","","","","","",""
"301","4089","108","1","3","40877","","","","","","",""
"301","1011","109","6","6","1144104","","","","","","",""
"301","2213","109","11","6","2011383","","","","","","",""
"301","2219","109","11","1","2087019","","","","","","",""
"301","3016","109","3","8","546105","","","","","","",""
"301","3132","109","4","3","71389600","","","","","","",""
"301","3200","109","8","2","1419688","","","","","","",""
"301","3221","109","2","2","350328","","","","","","",""
"301","3222","109","4","6","721576","","","","","","",""
"301","3223","109","4","3","776444","","","","","","",""
"301","3229","109","8","4","141312800","","","","","","",""
"301","3230","109","2","1","37322000","","","","","","",""
"301","4005","109","9","6","1726641","","","","","","",""
"301","4010","109","1","8","167995","","","","","","",""
"301","4027","109","2","6","354468","","","","","","",""
"301","4083","109","1","4","177816","","","","","","",""
"301","4082","109","2","8","368800","","","","","","",""
"301","4057","109","1","8","182577","","","","","","",""
"301","4071","109","2","2","353594","","","","","","",""
"301","3207","110","3","6","44592","","","","","","",""
"301","3208","110","9","4","132381","","","","","","",""
"301","3216","110","3","6","41457","","","","","","",""
"301","3217","110","9","4","142794","","","","","","",""
"301","3219","110","9","4","134514","","","","","","",""
"301","3227","110","7","6","96432","","","","","","",""
"301","3228","110","4","8","61296","","","","","","",""
"301","4000","110","15","5","232935","","","","","","",""
"301","4001","110","15","5","229095","","","","","","",""
"301","4002","110","2","8","30448","","","","","","",""
"301","4005","110","1","6","13765","","","","","","",""
"301","4007","110","8","8","122976","","","","","","",""
"301","4009","110","1","8","13707","","","","","","",""
"301","4015","110","3","6","45231","","","","","","",""
"301","4016","110","2","5","30902","","","","","","",""
"301","4024","110","2","5","30736","","","","","","",""
"301","4052","110","2","5","29058","","","","","","",""
"301","4092","110","2","4","28412","","","","","","",""
"301","4090","110","2","6","27238","","","","","","",""
"301","4038","110","2","6","28046","","","","","","",""
"301","4039","110","2","2","27000","","","","","","",""
"301","4045","110","1","6","15720","","","","","","",""
"301","4048","110","1","2","14436","","","","","","",""
"301","4050","110","2","3","29510","","","","","","",""
"301","1126","101","7","1","615069","","","","","","",""
"301","2013","101","2","3","185006","","","","","","",""
"301","2017","101","1","6","84203","","","","","","",""
"301","2018","105","15","5","165645","","","","","","",""
"301","4055","105","8","5","83848","","","","","","",""
"301","4066","105","7","5","79604","","","","","","",""
"301","4067","105","1","3","10145","","","","","","",""
"301","4068","102","2","5","76098","","","","","","",""
"301","4069","102","3","1","116343","","","","","","",""
"301","4072","102","1","1","304000","","","","","","",""
"301","4073","102","1","5","34022","","","","","","",""
"301","4076","103","21","4","762258","","","","","","",""
"301","4091","103","1","3","35067","","","","","","",""
"302","1","Noir","","","","","","","","","",""
"302","2","Gris","","","","","","","","","",""
"302","3","Argenté","","","","","","","","","",""
"302","4","Bleu","","","","","","","","","",""
"302","5","Rouge","","","","","","","","","",""
"302","6","Blanc","","","","","","","","","",""
"302","8","Vert","","","","","","","","","",""
"400","100","FERRARI","Italie","121900","1","","","","","","",""
"400","101","PORSCHE","Allemagne","76200","1","","","","","","",""
"400","102","LAND ROVER","Royaume-Uni","30400","3","","","","","","",""
"400","103","BMW 320","Allemagne","30400","2","","","","","","",""
"400","104","ESPACE","France","26600","4","","","","","","",""
"400","105","TWINGO","Europe","9100","5","","","","","","",""
"400","106","XSARA","France","16700","2","","","","","","",""
"400","107","SHARAN","Portugal","22100","4","","","","","","",""
"400","108","CHEROKEE","États-Unis","32000","3","","","","","","",""
"400","109","LAMBORGHINI","Italie","152400","1","","","","","","",""
"400","110","CLASSE A","Allemagne","12100","5","","","","","","",""
"400","111","YARIS","France","18200","5","","","","","","",""
"400","112","3008","France","39000","5","","","","","","",""
"401","1","SPORT","","","","","","","","","",""
"401","2","FAMILIALE","","","","","","","","","",""
"401","3","4X4","","","","","","","","","",""
"401","4","MONOSPACE","","","","","","","","","",""
"401","5","CITADINE","","","","","","","","","",""
"402","0","14000","1° BUDGET","","","","","","","","",""
"402","14001","23000","MOYENNE GAMME","","","","","","","","",""
"402","23001","54000","HAUT DE GAMME","","","","","","","","",""
"402","54001","110000","LUXE","","","","","","","","",""
"402","110001","300000","GRAND LUXE","","","","","","","","",""
